CIK,Company Name,Form Type,Date Filed,Filename
7084,ARCHER DANIELS MIDLAND CO,10-K,1994-09-27,edgar/data/7084/0000007084-94-000015.txt
7084,ARCHER DANIELS MIDLAND CO,10-K,1995-08-17,edgar/data/7084/0000007084-95-000024.txt
7084,ARCHER DANIELS MIDLAND CO,10-K,1996-09-30,edgar/data/7084/0000007084-96-000017.txt
7084,ARCHER DANIELS MIDLAND CO,10-K,1997-09-29,edgar/data/7084/0000007084-97-000032.txt
7084,ARCHER DANIELS MIDLAND CO,10-K,1998-09-24,edgar/data/7084/0000007084-98-000029.txt
7084,ARCHER DANIELS MIDLAND CO,10-K,1999-09-22,edgar/data/7084/0000007084-99-000022.txt
7084,ARCHER DANIELS MIDLAND CO,10-K,2000-09-28,edgar/data/7084/0000007084-00-000039.txt
7084,ARCHER DANIELS MIDLAND CO,10-K,2001-09-28,edgar/data/7084/0000007084-01-500047.txt
7084,ARCHER DANIELS MIDLAND CO,10-K,2002-09-20,edgar/data/7084/0000007084-02-000017.txt
7084,ARCHER DANIELS MIDLAND CO,10-K,2003-09-03,edgar/data/7084/0000007084-03-000063.txt
7084,ARCHER DANIELS MIDLAND CO,10-K,2004-09-08,edgar/data/7084/0000007084-04-000364.txt
7084,ARCHER DANIELS MIDLAND CO,10-K,2005-09-09,edgar/data/7084/0000007084-05-000350.txt
7084,ARCHER DANIELS MIDLAND CO,10-K,2006-09-11,edgar/data/7084/0000007084-06-000401.txt
7084,ARCHER DANIELS MIDLAND CO,10-K,2007-08-27,edgar/data/7084/0000007084-07-000166.txt
7084,ARCHER DANIELS MIDLAND CO,10-K,2008-08-29,edgar/data/7084/0000007084-08-000044.txt
7084,ARCHER DANIELS MIDLAND CO,10-K,2009-08-26,edgar/data/7084/0000007084-09-000051.txt
7084,ARCHER DANIELS MIDLAND CO,10-K,2010-08-30,edgar/data/7084/0000007084-10-000043.txt
7084,ARCHER DANIELS MIDLAND CO,10-K,2011-08-25,edgar/data/7084/0000007084-11-000028.txt
7084,ARCHER DANIELS MIDLAND CO,10-K,2012-08-27,edgar/data/7084/0000007084-12-000034.txt
7084,ARCHER DANIELS MIDLAND CO,10-K,2014-02-26,edgar/data/7084/0000007084-14-000011.txt
7084,ARCHER DANIELS MIDLAND CO,10-K,2015-02-20,edgar/data/7084/0000007084-15-000005.txt
7084,ARCHER DANIELS MIDLAND CO,10-K,2016-02-19,edgar/data/7084/0000007084-16-000046.txt
7084,ARCHER DANIELS MIDLAND CO,10-K,2017-02-17,edgar/data/7084/0000007084-17-000008.txt
9631,BANK OF NOVA SCOTIA /,10-K,2014-01-29,edgar/data/9631/0000891092-14-000570.txt
9631,BANK OF NOVA SCOTIA,10-K,2016-01-29,edgar/data/9631/0000891092-16-011848.txt
9631,BANK OF NOVA SCOTIA,10-K,2017-01-27,edgar/data/9631/0000891092-17-000606.txt
19617,CHEMICAL BANKING CORP,10-K,1994-03-25,edgar/data/19617/0000950123-94-000607.txt
19617,CHASE MANHATTAN CORP /DE/,10-K,1997-03-25,edgar/data/19617/0000950123-97-002412.txt
19617,CHASE MANHATTAN CORP /DE/,10-K,2000-03-13,edgar/data/19617/0000950123-00-002204.txt
19617,J P MORGAN CHASE & CO,10-K,2003-03-19,edgar/data/19617/0000950123-03-002985.txt
19617,J P MORGAN CHASE & CO,10-K,2004-02-18,edgar/data/19617/0000950123-04-002022.txt
19617,J P MORGAN CHASE & CO,10-K,2005-03-02,edgar/data/19617/0000950123-05-002539.txt
19617,J P MORGAN CHASE & CO,10-K,2006-03-09,edgar/data/19617/0000950123-06-002875.txt
19617,J P MORGAN CHASE & CO,10-K,2007-03-01,edgar/data/19617/0000950123-07-003015.txt
19617,J P MORGAN CHASE & CO,10-K,2008-02-29,edgar/data/19617/0001193125-08-043536.txt
19617,J P MORGAN CHASE & CO,10-K,2009-03-02,edgar/data/19617/0000950123-09-003840.txt
19617,J P MORGAN CHASE & CO,10-K,2010-02-24,edgar/data/19617/0000950123-10-016029.txt
19617,J P MORGAN CHASE & CO,10-K,2011-02-28,edgar/data/19617/0000950123-11-019773.txt
19617,JPMORGAN CHASE & CO,10-K,2012-02-29,edgar/data/19617/0000019617-12-000163.txt
19617,JPMORGAN CHASE & CO,10-K,2013-02-28,edgar/data/19617/0000019617-13-000221.txt
19617,JPMORGAN CHASE & CO,10-K,2014-02-20,edgar/data/19617/0000019617-14-000289.txt
19617,JPMORGAN CHASE & CO,10-K,2015-02-24,edgar/data/19617/0000019617-15-000272.txt
19617,JPMORGAN CHASE & CO,10-K,2016-02-23,edgar/data/19617/0000019617-16-000902.txt
19617,JPMORGAN CHASE & CO,10-K,2017-02-28,edgar/data/19617/0000019617-17-000314.txt
35527,FIFTH THIRD BANCORP,10-K,1994-02-17,edgar/data/35527/0000035527-94-000008.txt
35527,FIFTH THIRD BANCORP,10-K,1995-03-03,edgar/data/35527/0000035527-95-000005.txt
35527,FIFTH THIRD BANCORP,10-K,1998-03-12,edgar/data/35527/0000950152-98-001940.txt
35527,FIFTH THIRD BANCORP,10-K,2000-03-30,edgar/data/35527/0000950152-00-002564.txt
35527,FIFTH THIRD BANCORP,10-K,2001-03-28,edgar/data/35527/0000950152-01-001741.txt
35527,FIFTH THIRD BANCORP,10-K,2002-03-12,edgar/data/35527/0000950109-02-001302.txt
35527,FIFTH THIRD BANCORP,10-K,2003-03-27,edgar/data/35527/0001021408-03-005124.txt
35527,FIFTH THIRD BANCORP,10-K,2004-02-26,edgar/data/35527/0001193125-04-029919.txt
35527,FIFTH THIRD BANCORP,10-K,2005-03-01,edgar/data/35527/0001193125-05-039845.txt
35527,FIFTH THIRD BANCORP,10-K,2006-02-16,edgar/data/35527/0001193125-06-033639.txt
35527,FIFTH THIRD BANCORP,10-K,2007-02-20,edgar/data/35527/0001193125-07-035126.txt
35527,FIFTH THIRD BANCORP,10-K,2008-02-22,edgar/data/35527/0001193125-08-036443.txt
35527,FIFTH THIRD BANCORP,10-K,2009-03-02,edgar/data/35527/0001193125-09-042550.txt
35527,FIFTH THIRD BANCORP,10-K,2010-02-26,edgar/data/35527/0001193125-10-042347.txt
35527,FIFTH THIRD BANCORP,10-K,2011-02-28,edgar/data/35527/0001193125-11-049817.txt
35527,FIFTH THIRD BANCORP,10-K,2012-02-29,edgar/data/35527/0001193125-12-089474.txt
35527,FIFTH THIRD BANCORP,10-K,2013-02-22,edgar/data/35527/0001193125-13-071733.txt
35527,FIFTH THIRD BANCORP,10-K,2014-02-24,edgar/data/35527/0001193125-14-063748.txt
35527,FIFTH THIRD BANCORP,10-K,2015-02-25,edgar/data/35527/0001193125-15-062849.txt
35527,FIFTH THIRD BANCORP,10-K,2016-02-25,edgar/data/35527/0001193125-16-478543.txt
35527,FIFTH THIRD BANCORP,10-K,2017-02-24,edgar/data/35527/0001193125-17-056318.txt
36104,FIRST BANK SYSTEM INC,10-K,1994-03-01,edgar/data/36104/0000912057-94-000732.txt
36104,FIRST BANK SYSTEM INC,10-K,1995-02-24,edgar/data/36104/0000950131-95-000441.txt
36104,FIRST BANK SYSTEM INC,10-K,1997-02-28,edgar/data/36104/0000950131-97-001484.txt
36104,US BANCORP \DE\,10-K,2002-02-28,edgar/data/36104/0000950137-02-000971.txt
36104,US BANCORP \DE\,10-K,2003-02-28,edgar/data/36104/0000950134-03-003243.txt
36104,US BANCORP \DE\,10-K,2004-02-27,edgar/data/36104/0000950134-04-002667.txt
36104,US BANCORP \DE\,10-K,2005-02-28,edgar/data/36104/0000950134-05-003890.txt
36104,US BANCORP \DE\,10-K,2006-03-07,edgar/data/36104/0000950134-06-004429.txt
36104,US BANCORP \DE\,10-K,2007-02-26,edgar/data/36104/0000950124-07-001116.txt
36104,US BANCORP \DE\,10-K,2008-02-25,edgar/data/36104/0000950124-08-000806.txt
36104,US BANCORP \DE\,10-K,2009-03-02,edgar/data/36104/0000950152-09-002057.txt
36104,US BANCORP \DE\,10-K,2010-02-26,edgar/data/36104/0000950123-10-018123.txt
36104,US BANCORP \DE\,10-K,2011-02-28,edgar/data/36104/0000950123-11-019888.txt
36104,US BANCORP \DE\,10-K,2012-02-23,edgar/data/36104/0001193125-12-075125.txt
36104,US BANCORP \DE\,10-K,2013-02-22,edgar/data/36104/0001193125-13-071069.txt
36104,US BANCORP \DE\,10-K,2014-02-21,edgar/data/36104/0001193125-14-062530.txt
36104,US BANCORP \DE\,10-K,2015-02-27,edgar/data/36104/0001193125-15-068728.txt
36104,US BANCORP \DE\,10-K,2016-02-25,edgar/data/36104/0001193125-16-478568.txt
36104,US BANCORP \DE\,10-K,2017-02-23,edgar/data/36104/0001193125-17-053947.txt
70858,NATIONSBANK CORP,10-K,1994-03-30,edgar/data/70858/0000950168-94-000099.txt
70858,NATIONSBANK CORP,10-K,1996-03-29,edgar/data/70858/0000950168-96-000536.txt
70858,NATIONSBANK CORP,10-K,1997-03-28,edgar/data/70858/0000950168-97-000739.txt
70858,NATIONSBANK CORP,10-K,1998-03-13,edgar/data/70858/0000950168-98-000724.txt
70858,BANKAMERICA CORP/DE/,10-K,1999-03-22,edgar/data/70858/0000950168-99-000782.txt
70858,BANK OF AMERICA CORP /DE/,10-K,2000-03-20,edgar/data/70858/0000950168-00-000621.txt
70858,BANK OF AMERICA CORP /DE/,10-K,2001-03-19,edgar/data/70858/0000950168-01-000538.txt
70858,BANK OF AMERICA CORP /DE/,10-K,2002-03-27,edgar/data/70858/0000950168-02-000551.txt
70858,BANK OF AMERICA CORP /DE/,10-K,2003-03-03,edgar/data/70858/0001021408-03-003673.txt
70858,BANK OF AMERICA CORP /DE/,10-K,2004-03-01,edgar/data/70858/0001193125-04-032312.txt
70858,BANK OF AMERICA CORP /DE/,10-K,2005-03-01,edgar/data/70858/0001193125-05-039878.txt
70858,BANK OF AMERICA CORP /DE/,10-K,2006-03-16,edgar/data/70858/0001193125-06-056053.txt
70858,BANK OF AMERICA CORP /DE/,10-K,2007-02-28,edgar/data/70858/0001193125-07-042036.txt
70858,BANK OF AMERICA CORP /DE/,10-K,2008-02-28,edgar/data/70858/0001193125-08-041665.txt
70858,BANK OF AMERICA CORP /DE/,10-K,2009-02-27,edgar/data/70858/0001193125-09-041126.txt
70858,BANK OF AMERICA CORP /DE/,10-K,2010-02-26,edgar/data/70858/0001193125-10-041666.txt
70858,BANK OF AMERICA CORP /DE/,10-K,2011-02-25,edgar/data/70858/0000950123-11-018743.txt
70858,BANK OF AMERICA CORP /DE/,10-K,2012-02-23,edgar/data/70858/0000070858-12-000155.txt
70858,BANK OF AMERICA CORP /DE/,10-K,2013-02-28,edgar/data/70858/0000070858-13-000097.txt
70858,BANK OF AMERICA CORP /DE/,10-K,2014-02-25,edgar/data/70858/0000070858-14-000012.txt
70858,BANK OF AMERICA CORP /DE/,10-K,2015-02-25,edgar/data/70858/0000070858-15-000008.txt
70858,BANK OF AMERICA CORP /DE/,10-K,2016-02-24,edgar/data/70858/0000070858-16-000137.txt
70858,BANK OF AMERICA CORP /DE/,10-K,2017-02-23,edgar/data/70858/0000070858-17-000013.txt
72971,NORWEST CORP,10-K,1994-03-08,edgar/data/72971/0000072971-94-000003.txt
72971,NORWEST CORP,10-K,1995-03-16,edgar/data/72971/0000950131-95-000611.txt
72971,NORWEST CORP,10-K,1996-03-07,edgar/data/72971/0000950131-96-000962.txt
72971,NORWEST CORP,10-K,1997-03-04,edgar/data/72971/0000950109-97-001905.txt
72971,NORWEST CORP,10-K,1998-02-27,edgar/data/72971/0001045969-98-000259.txt
72971,WELLS FARGO & CO/MN,10-K,2000-03-17,edgar/data/72971/0000912057-00-012168.txt
72971,WELLS FARGO & CO/MN,10-K,2001-03-16,edgar/data/72971/0000912057-01-504042.txt
72971,WELLS FARGO & CO/MN,10-K,2002-03-15,edgar/data/72971/0000912057-02-010174.txt
72971,WELLS FARGO & CO/MN,10-K,2003-03-14,edgar/data/72971/0001047469-03-008749.txt
72971,WELLS FARGO & CO/MN,10-K,2004-03-12,edgar/data/72971/0000950134-04-003387.txt
72971,WELLS FARGO & CO/MN,10-K,2005-03-10,edgar/data/72971/0000950134-05-004623.txt
72971,WELLS FARGO & CO/MN,10-K,2006-03-09,edgar/data/72971/0000950149-06-000083.txt
72971,WELLS FARGO & CO/MN,10-K,2007-03-01,edgar/data/72971/0000950134-07-004518.txt
72971,WELLS FARGO & CO/MN,10-K,2008-02-29,edgar/data/72971/0000950134-08-003822.txt
72971,WELLS FARGO & CO/MN,10-K,2009-02-27,edgar/data/72971/0000950134-09-003967.txt
72971,WELLS FARGO & CO/MN,10-K,2010-02-26,edgar/data/72971/0000950123-10-017877.txt
72971,WELLS FARGO & CO/MN,10-K,2011-02-25,edgar/data/72971/0000950123-11-018541.txt
72971,WELLS FARGO & CO/MN,10-K,2012-02-28,edgar/data/72971/0001193125-12-084528.txt
72971,WELLS FARGO & COMPANY/MN,10-K,2013-02-27,edgar/data/72971/0001193125-13-078820.txt
72971,WELLS FARGO & COMPANY/MN,10-K,2014-02-26,edgar/data/72971/0000072971-14-000337.txt
72971,WELLS FARGO & COMPANY/MN,10-K,2015-02-25,edgar/data/72971/0000072971-15-000449.txt
72971,WELLS FARGO & COMPANY/MN,10-K,2016-02-24,edgar/data/72971/0000072971-16-001045.txt
72971,WELLS FARGO & COMPANY/MN,10-K,2017-03-01,edgar/data/72971/0000072971-17-000278.txt
73124,NORTHERN TRUST CORP,10-K,1994-03-15,edgar/data/73124/0000950131-94-000324.txt
73124,NORTHERN TRUST CORP,10-K,1997-03-14,edgar/data/73124/0000950131-97-001800.txt
73124,NORTHERN TRUST CORP,10-K,1998-03-17,edgar/data/73124/0000950131-98-001754.txt
73124,NORTHERN TRUST CORP,10-K,1999-03-16,edgar/data/73124/0000950131-99-001510.txt
73124,NORTHERN TRUST CORP,10-K,2000-03-14,edgar/data/73124/0000950131-00-001756.txt
73124,NORTHERN TRUST CORP,10-K,2001-03-16,edgar/data/73124/0000950131-01-500146.txt
73124,NORTHERN TRUST CORP,10-K,2002-03-12,edgar/data/73124/0000950131-02-000853.txt
73124,NORTHERN TRUST CORP,10-K,2003-03-10,edgar/data/73124/0000950131-03-001244.txt
73124,NORTHERN TRUST CORP,10-K,2004-03-12,edgar/data/73124/0001193125-04-040148.txt
73124,NORTHERN TRUST CORP,10-K,2005-03-14,edgar/data/73124/0001193125-05-049470.txt
73124,NORTHERN TRUST CORP,10-K,2006-03-13,edgar/data/73124/0001193125-06-052049.txt
73124,NORTHERN TRUST CORP,10-K,2007-02-28,edgar/data/73124/0001193125-07-042778.txt
73124,NORTHERN TRUST CORP,10-K,2008-02-28,edgar/data/73124/0001193125-08-041690.txt
73124,NORTHERN TRUST CORP,10-K,2009-02-27,edgar/data/73124/0001193125-09-040606.txt
73124,NORTHERN TRUST CORP,10-K,2010-02-26,edgar/data/73124/0001193125-10-042685.txt
73124,NORTHERN TRUST CORP,10-K,2011-02-25,edgar/data/73124/0001193125-11-047592.txt
73124,NORTHERN TRUST CORP,10-K,2012-02-24,edgar/data/73124/0001193125-12-078391.txt
73124,NORTHERN TRUST CORP,10-K,2013-02-26,edgar/data/73124/0001193125-13-076407.txt
73124,NORTHERN TRUST CORP,10-K,2014-02-26,edgar/data/73124/0001193125-14-069870.txt
73124,NORTHERN TRUST CORP,10-K,2015-02-26,edgar/data/73124/0001193125-15-065963.txt
73124,NORTHERN TRUST CORP,10-K,2016-02-29,edgar/data/73124/0000073124-16-000324.txt
73124,NORTHERN TRUST CORP,10-K,2017-02-28,edgar/data/73124/0000073124-17-000117.txt
83246,REPUBLIC NEW YORK CORP,10-K,1994-03-29,edgar/data/83246/0000083246-94-000012.txt
83246,REPUBLIC NEW YORK CORP,10-K,1995-03-31,edgar/data/83246/0000083246-95-000013.txt
83246,REPUBLIC NEW YORK CORP,10-K,1996-03-21,edgar/data/83246/0000950130-96-000906.txt
83246,REPUBLIC NEW YORK CORP,10-K,1997-03-21,edgar/data/83246/0000950130-97-001124.txt
83246,REPUBLIC NEW YORK CORP,10-K,1998-03-06,edgar/data/83246/0000950123-98-002353.txt
83246,REPUBLIC NEW YORK CORP,10-K,1999-03-09,edgar/data/83246/0000950123-99-001965.txt
83246,HSBC USA INC /MD/,10-K,2000-03-30,edgar/data/83246/0000083246-00-000007.txt
83246,HSBC USA INC /MD/,10-K,2001-03-23,edgar/data/83246/0000891554-01-501535.txt
83246,HSBC USA INC /MD/,10-K,2002-03-15,edgar/data/83246/0000891554-02-001282.txt
83246,HSBC USA INC /MD/,10-K,2003-03-06,edgar/data/83246/0001169232-03-001965.txt
83246,HSBC USA INC /MD/,10-K,2004-03-01,edgar/data/83246/0001169232-04-001460.txt
83246,HSBC USA INC /MD/,10-K,2005-02-28,edgar/data/83246/0001169232-05-001311.txt
83246,HSBC USA INC /MD/,10-K,2006-03-06,edgar/data/83246/0001169232-06-001386.txt
83246,HSBC USA INC /MD/,10-K,2007-03-05,edgar/data/83246/0001169232-07-001285.txt
83246,HSBC USA INC /MD/,10-K,2008-03-03,edgar/data/83246/0001169232-08-001174.txt
83246,HSBC USA INC /MD/,10-K,2009-03-02,edgar/data/83246/0000950123-09-003735.txt
83246,HSBC USA INC /MD/,10-K,2010-03-01,edgar/data/83246/0000950123-10-018586.txt
83246,HSBC USA INC /MD/,10-K,2011-02-28,edgar/data/83246/0000950123-11-019150.txt
83246,HSBC USA INC /MD/,10-K,2012-02-27,edgar/data/83246/0001193125-12-079733.txt
83246,HSBC USA INC /MD/,10-K,2013-03-04,edgar/data/83246/0000083246-13-000006.txt
83246,HSBC USA INC /MD/,10-K,2014-02-24,edgar/data/83246/0000083246-14-000004.txt
83246,HSBC USA INC /MD/,10-K,2015-02-23,edgar/data/83246/0000083246-15-000005.txt
83246,HSBC USA INC /MD/,10-K,2016-02-22,edgar/data/83246/0000083246-16-000030.txt
83246,HSBC USA INC /MD/,10-K,2017-02-21,edgar/data/83246/0000083246-17-000006.txt
91576,SOCIETY CORP,10-K,1994-03-31,edgar/data/91576/0000950152-94-000385.txt
91576,KEYCORP /NEW/,10-K,1996-03-28,edgar/data/91576/0000950152-96-001225.txt
91576,KEYCORP /NEW/,10-K,2000-03-22,edgar/data/91576/0000950152-00-001928.txt
91576,KEYCORP /NEW/,10-K,2001-03-22,edgar/data/91576/0000950152-01-500566.txt
91576,KEYCORP /NEW/,10-K,2002-03-28,edgar/data/91576/0000950152-02-002483.txt
91576,KEYCORP /NEW/,10-K,2003-03-21,edgar/data/91576/0000950152-03-003197.txt
91576,KEYCORP /NEW/,10-K,2004-03-12,edgar/data/91576/0000950152-04-001877.txt
91576,KEYCORP /NEW/,10-K,2005-02-28,edgar/data/91576/0000950152-05-001608.txt
91576,KEYCORP /NEW/,10-K,2006-02-28,edgar/data/91576/0000950152-06-001519.txt
91576,KEYCORP /NEW/,10-K,2007-02-28,edgar/data/91576/0000950152-07-001622.txt
91576,KEYCORP /NEW/,10-K,2008-02-28,edgar/data/91576/0000950152-08-001528.txt
91576,KEYCORP /NEW/,10-K,2009-02-27,edgar/data/91576/0000950152-09-001970.txt
91576,KEYCORP /NEW/,10-K,2010-03-01,edgar/data/91576/0000950123-10-018789.txt
91576,KEYCORP /NEW/,10-K,2011-02-24,edgar/data/91576/0000950123-11-017655.txt
91576,KEYCORP /NEW/,10-K,2012-02-27,edgar/data/91576/0001193125-12-081648.txt
91576,KEYCORP /NEW/,10-K,2013-02-26,edgar/data/91576/0001193125-13-076993.txt
91576,KEYCORP /NEW/,10-K,2014-02-26,edgar/data/91576/0001193125-14-069018.txt
91576,KEYCORP /NEW/,10-K,2015-03-02,edgar/data/91576/0001193125-15-072950.txt
91576,KEYCORP /NEW/,10-K,2016-02-24,edgar/data/91576/0001193125-16-475914.txt
91576,KEYCORP /NEW/,10-K,2017-02-28,edgar/data/91576/0000091576-17-000013.txt
93751,STATE STREET BOSTON CORP,10-K,1994-03-30,edgar/data/93751/0000950156-94-000009.txt
93751,STATE STREET BOSTON CORP,10-K,1995-03-29,edgar/data/93751/0000950156-95-000201.txt
93751,STATE STREET BOSTON CORP,10-K,1996-03-27,edgar/data/93751/0000950156-96-000321.txt
93751,STATE STREET BOSTON CORP,10-K,1997-03-26,edgar/data/93751/0000950156-97-000348.txt
93751,STATE STREET CORP,10-K,1998-03-26,edgar/data/93751/0000950156-98-000287.txt
93751,STATE STREET CORP,10-K,1999-03-23,edgar/data/93751/0000950146-99-000551.txt
93751,STATE STREET CORP,10-K,2002-02-22,edgar/data/93751/0001145443-02-000006.txt
93751,STATE STREET CORP,10-K,2003-02-21,edgar/data/93751/0001145443-03-000208.txt
93751,STATE STREET CORP,10-K,2004-02-24,edgar/data/93751/0001145443-04-000171.txt
93751,STATE STREET CORP,10-K,2005-02-18,edgar/data/93751/0001145443-05-000253.txt
93751,STATE STREET CORP,10-K,2006-02-21,edgar/data/93751/0001145443-06-000351.txt
93751,STATE STREET CORP,10-K,2007-02-20,edgar/data/93751/0001104659-07-012016.txt
93751,STATE STREET CORP,10-K,2008-02-15,edgar/data/93751/0001047469-08-001447.txt
93751,STATE STREET Corp,10-K,2009-02-27,edgar/data/93751/0001193125-09-041171.txt
93751,STATE STREET Corp,10-K,2010-02-22,edgar/data/93751/0001193125-10-036481.txt
93751,STATE STREET Corp,10-K,2011-02-28,edgar/data/93751/0001193125-11-047982.txt
93751,STATE STREET CORP,10-K,2012-02-27,edgar/data/93751/0001193125-12-079737.txt
93751,STATE STREET CORP,10-K,2013-02-22,edgar/data/93751/0000093751-13-000040.txt
93751,STATE STREET CORP,10-K,2014-02-21,edgar/data/93751/0000093751-14-000040.txt
93751,STATE STREET CORP,10-K,2015-02-20,edgar/data/93751/0000093751-15-000042.txt
93751,STATE STREET CORP,10-K,2016-02-19,edgar/data/93751/0000093751-16-000446.txt
93751,STATE STREET CORP,10-K,2017-02-17,edgar/data/93751/0000093751-17-000249.txt
316709,SCHWAB CHARLES CORP,10-K,1994-03-30,edgar/data/316709/0000950149-94-000076.txt
316709,SCHWAB CHARLES CORP,10-K,1995-03-24,edgar/data/316709/0000316709-95-000002.txt
316709,SCHWAB CHARLES CORP,10-K,1996-03-28,edgar/data/316709/0000316709-96-000007.txt
316709,SCHWAB CHARLES CORP,10-K,1997-03-28,edgar/data/316709/0000950149-97-000663.txt
316709,SCHWAB CHARLES CORP,10-K,1998-03-27,edgar/data/316709/0001047469-98-012181.txt
316709,SCHWAB CHARLES CORP,10-K,1999-03-30,edgar/data/316709/0000316709-99-000003.txt
316709,SCHWAB CHARLES CORP,10-K,2000-03-28,edgar/data/316709/0000316709-00-000009.txt
316709,SCHWAB CHARLES CORP,10-K,2001-03-28,edgar/data/316709/0000316709-01-000010.txt
316709,SCHWAB CHARLES CORP,10-K,2002-03-27,edgar/data/316709/0000316709-02-000008.txt
316709,SCHWAB CHARLES CORP,10-K,2003-03-21,edgar/data/316709/0000316709-03-000009.txt
316709,SCHWAB CHARLES CORP,10-K,2004-03-11,edgar/data/316709/0000316709-04-000006.txt
316709,SCHWAB CHARLES CORP,10-K,2005-03-02,edgar/data/316709/0000316709-05-000006.txt
316709,SCHWAB CHARLES CORP,10-K,2006-02-27,edgar/data/316709/0001193125-06-039674.txt
316709,SCHWAB CHARLES CORP,10-K,2007-02-26,edgar/data/316709/0001193125-07-039782.txt
316709,SCHWAB CHARLES CORP,10-K,2008-02-27,edgar/data/316709/0001193125-08-039024.txt
316709,SCHWAB CHARLES CORP,10-K,2009-02-25,edgar/data/316709/0001193125-09-037420.txt
316709,SCHWAB CHARLES CORP,10-K,2010-02-25,edgar/data/316709/0001193125-10-040444.txt
316709,SCHWAB CHARLES CORP,10-K,2011-02-25,edgar/data/316709/0001193125-11-046932.txt
316709,SCHWAB CHARLES CORP,10-K,2012-02-24,edgar/data/316709/0001193125-12-077926.txt
316709,SCHWAB CHARLES CORP,10-K,2013-02-22,edgar/data/316709/0001193125-13-071646.txt
316709,SCHWAB CHARLES CORP,10-K,2014-02-24,edgar/data/316709/0000316709-14-000005.txt
316709,SCHWAB CHARLES CORP,10-K,2015-02-23,edgar/data/316709/0000316709-15-000014.txt
316709,SCHWAB CHARLES CORP,10-K,2016-02-24,edgar/data/316709/0000316709-16-000067.txt
316709,SCHWAB CHARLES CORP,10-K,2017-02-23,edgar/data/316709/0000316709-17-000010.txt
713676,PNC BANK CORP,10-K,1994-03-17,edgar/data/713676/0000950128-94-000054.txt
713676,PNC BANK CORP,10-K,1995-03-31,edgar/data/713676/0000950128-95-000076.txt
713676,PNC BANK CORP,10-K,1996-03-27,edgar/data/713676/0000950128-96-000238.txt
713676,PNC BANK CORP,10-K,1997-03-21,edgar/data/713676/0000950128-97-000649.txt
713676,PNC BANK CORP,10-K,1999-03-25,edgar/data/713676/0000950128-99-000612.txt
713676,PNC FINANCIAL SERVICES GROUP INC,10-K,2003-03-13,edgar/data/713676/0000950128-03-000346.txt
713676,PNC FINANCIAL SERVICES GROUP INC,10-K,2004-03-12,edgar/data/713676/0001193125-04-040348.txt
713676,PNC FINANCIAL SERVICES GROUP INC,10-K,2005-03-16,edgar/data/713676/0001193125-05-052209.txt
713676,PNC FINANCIAL SERVICES GROUP INC,10-K,2006-03-15,edgar/data/713676/0001193125-06-054637.txt
713676,PNC FINANCIAL SERVICES GROUP INC,10-K,2007-03-01,edgar/data/713676/0001193125-07-043840.txt
713676,PNC FINANCIAL SERVICES GROUP INC,10-K,2008-02-29,edgar/data/713676/0001193125-08-043429.txt
713676,PNC FINANCIAL SERVICES GROUP INC,10-K,2009-03-02,edgar/data/713676/0001193125-09-042518.txt
713676,PNC FINANCIAL SERVICES GROUP INC,10-K,2010-03-11,edgar/data/713676/0001193125-10-052794.txt
713676,PNC FINANCIAL SERVICES GROUP INC,10-K,2011-03-01,edgar/data/713676/0001193125-11-051725.txt
713676,"PNC FINANCIAL SERVICES GROUP, INC.",10-K,2012-02-29,edgar/data/713676/0001193125-12-087345.txt
713676,"PNC FINANCIAL SERVICES GROUP, INC.",10-K,2013-03-01,edgar/data/713676/0001193125-13-085012.txt
713676,"PNC FINANCIAL SERVICES GROUP, INC.",10-K,2014-03-03,edgar/data/713676/0001193125-14-077944.txt
713676,"PNC FINANCIAL SERVICES GROUP, INC.",10-K,2015-03-02,edgar/data/713676/0001193125-15-070443.txt
713676,"PNC FINANCIAL SERVICES GROUP, INC.",10-K,2016-02-29,edgar/data/713676/0001193125-16-482577.txt
713676,"PNC FINANCIAL SERVICES GROUP, INC.",10-K,2017-02-28,edgar/data/713676/0001193125-17-062524.txt
750556,SUNTRUST BANKS INC,10-K,1995-02-22,edgar/data/750556/0000750556-95-000001.txt
750556,SUNTRUST BANKS INC,10-K,1996-03-01,edgar/data/750556/0000750556-96-000004.txt
750556,SUNTRUST BANKS INC,10-K,1997-03-20,edgar/data/750556/0000750556-97-000003.txt
750556,SUNTRUST BANKS INC,10-K,1998-03-10,edgar/data/750556/0000750556-98-000004.txt
750556,SUNTRUST BANKS INC,10-K,2002-03-15,edgar/data/750556/0000916641-02-000422.txt
750556,SUNTRUST BANKS INC,10-K,2003-03-05,edgar/data/750556/0000916641-03-000463.txt
750556,SUNTRUST BANKS INC,10-K,2004-02-27,edgar/data/750556/0001193125-04-031048.txt
750556,SUNTRUST BANKS INC,10-K,2005-03-01,edgar/data/750556/0001193125-05-039855.txt
750556,SUNTRUST BANKS INC,10-K,2006-02-28,edgar/data/750556/0001193125-06-040788.txt
750556,SUNTRUST BANKS INC,10-K,2007-03-01,edgar/data/750556/0001193125-07-043429.txt
750556,SUNTRUST BANKS INC,10-K,2008-02-20,edgar/data/750556/0001193125-08-034587.txt
750556,SUNTRUST BANKS INC,10-K,2009-03-02,edgar/data/750556/0001193125-09-042448.txt
750556,SUNTRUST BANKS INC,10-K,2010-02-23,edgar/data/750556/0001193125-10-037170.txt
750556,SUNTRUST BANKS INC,10-K,2011-02-25,edgar/data/750556/0001193125-11-046750.txt
750556,SUNTRUST BANKS INC,10-K,2012-02-24,edgar/data/750556/0000750556-12-000053.txt
750556,SUNTRUST BANKS INC,10-K,2013-02-27,edgar/data/750556/0000750556-13-000052.txt
750556,SUNTRUST BANKS INC,10-K,2014-02-24,edgar/data/750556/0000750556-14-000064.txt
750556,SUNTRUST BANKS INC,10-K,2015-02-24,edgar/data/750556/0000750556-15-000065.txt
750556,SUNTRUST BANKS INC,10-K,2016-02-23,edgar/data/750556/0000750556-16-000251.txt
750556,SUNTRUST BANKS INC,10-K,2017-02-24,edgar/data/750556/0000750556-17-000066.txt
811830,SOVEREIGN BANCORP INC,10-K,1996-03-29,edgar/data/811830/0000903594-96-000027.txt
811830,SOVEREIGN BANCORP INC,10-K,1997-03-10,edgar/data/811830/0000950115-97-000336.txt
811830,SOVEREIGN BANCORP INC,10-K,1998-03-16,edgar/data/811830/0000950115-98-000453.txt
811830,SOVEREIGN BANCORP INC,10-K,2000-03-30,edgar/data/811830/0000950115-00-000452.txt
811830,SOVEREIGN BANCORP INC,10-K,2001-03-28,edgar/data/811830/0000950154-01-500152.txt
811830,SOVEREIGN BANCORP INC,10-K,2002-03-26,edgar/data/811830/0001145443-02-000039.txt
811830,SOVEREIGN BANCORP INC,10-K,2003-03-25,edgar/data/811830/0000893220-03-000412.txt
811830,SOVEREIGN BANCORP INC,10-K,2004-03-09,edgar/data/811830/0000893220-04-000355.txt
811830,SOVEREIGN BANCORP INC,10-K,2005-03-16,edgar/data/811830/0000893220-05-000581.txt
811830,SOVEREIGN BANCORP INC,10-K,2006-03-16,edgar/data/811830/0000893220-06-000583.txt
811830,SOVEREIGN BANCORP INC,10-K,2007-03-01,edgar/data/811830/0000893220-07-000548.txt
811830,SOVEREIGN BANCORP INC,10-K,2008-02-29,edgar/data/811830/0000893220-08-000578.txt
811830,SOVEREIGN BANCORP INC,10-K,2009-03-17,edgar/data/811830/0000893220-09-000591.txt
811830,"Santander Holdings USA, Inc.",10-K,2010-02-26,edgar/data/811830/0000950123-10-018329.txt
811830,"Santander Holdings USA, Inc.",10-K,2011-03-10,edgar/data/811830/0000950123-11-024133.txt
811830,"Santander Holdings USA, Inc.",10-K,2012-03-16,edgar/data/811830/0001193125-12-118920.txt
811830,"Santander Holdings USA, Inc.",10-K,2013-03-15,edgar/data/811830/0000811830-13-000023.txt
811830,"Santander Holdings USA, Inc.",10-K,2014-03-14,edgar/data/811830/0000811830-14-000007.txt
811830,"Santander Holdings USA, Inc.",10-K,2015-03-18,edgar/data/811830/0000811830-15-000004.txt
811830,"Santander Holdings USA, Inc.",10-K,2016-04-14,edgar/data/811830/0000811830-16-000045.txt
811830,"Santander Holdings USA, Inc.",10-K,2017-03-20,edgar/data/811830/0000811830-17-000006.txt
814585,MBIA INC,10-K,1995-03-31,edgar/data/814585/0000814585-95-000002.txt
814585,MBIA INC,10-K,1996-03-29,edgar/data/814585/0000814585-96-000001.txt
814585,MBIA INC,10-K,1997-03-28,edgar/data/814585/0000950130-97-001304.txt
814585,MBIA INC,10-K,1998-03-30,edgar/data/814585/0000950130-98-001576.txt
814585,MBIA INC,10-K,1999-03-30,edgar/data/814585/0000891554-99-000610.txt
814585,MBIA INC,10-K,2000-03-29,edgar/data/814585/0000950123-00-002915.txt
814585,MBIA INC,10-K,2001-03-30,edgar/data/814585/0000950123-01-002909.txt
814585,MBIA INC,10-K,2002-03-29,edgar/data/814585/0000950130-02-002262.txt
814585,MBIA INC,10-K,2003-03-31,edgar/data/814585/0000950130-03-002644.txt
814585,MBIA INC,10-K,2004-03-12,edgar/data/814585/0001193125-04-039476.txt
814585,MBIA INC,10-K,2005-03-16,edgar/data/814585/0001193125-05-052662.txt
814585,MBIA INC,10-K,2006-03-08,edgar/data/814585/0001193125-06-048353.txt
814585,MBIA INC,10-K,2007-03-01,edgar/data/814585/0001193125-07-043147.txt
814585,MBIA INC,10-K,2008-02-29,edgar/data/814585/0001193125-08-042602.txt
814585,MBIA INC,10-K,2009-03-02,edgar/data/814585/0001193125-09-042548.txt
814585,MBIA INC,10-K,2010-03-01,edgar/data/814585/0001193125-10-044879.txt
814585,MBIA INC,10-K,2011-03-01,edgar/data/814585/0001193125-11-052366.txt
814585,MBIA INC,10-K,2012-02-29,edgar/data/814585/0001193125-12-089406.txt
814585,MBIA INC,10-K,2013-02-27,edgar/data/814585/0001193125-13-080289.txt
814585,MBIA INC,10-K,2014-03-03,edgar/data/814585/0001193125-14-080397.txt
814585,MBIA INC,10-K,2015-03-02,edgar/data/814585/0001193125-15-073382.txt
814585,MBIA INC,10-K,2016-02-29,edgar/data/814585/0001193125-16-485560.txt
814585,MBIA INC,10-K,2017-03-01,edgar/data/814585/0001193125-17-065856.txt
823277,HARVEST STATES COOPERATIVES,10-K,1997-08-26,edgar/data/823277/0000897101-97-000960.txt
823277,CENEX HARVEST STATES COOPERATIVES,10-K,1998-08-27,edgar/data/823277/0000897101-98-000889.txt
823277,CENEX HARVEST STATES COOPERATIVES,10-K,1999-11-22,edgar/data/823277/0000897101-99-001112.txt
823277,CENEX HARVEST STATES COOPERATIVES,10-K,2000-11-22,edgar/data/823277/0000897101-00-001139.txt
823277,CENEX HARVEST STATES COOPERATIVES,10-K,2001-11-19,edgar/data/823277/0000897101-01-500778.txt
823277,CENEX HARVEST STATES COOPERATIVES,10-K,2002-11-25,edgar/data/823277/0000897101-02-000830.txt
823277,CHS INC,10-K,2003-11-21,edgar/data/823277/0000950134-03-015715.txt
823277,CHS INC,10-K,2004-11-18,edgar/data/823277/0000950134-04-017852.txt
823277,CHS INC,10-K,2005-11-18,edgar/data/823277/0000950134-05-021891.txt
823277,CHS INC,10-K,2006-11-22,edgar/data/823277/0000950137-06-012798.txt
823277,CHS INC,10-K,2007-11-20,edgar/data/823277/0000950137-07-017576.txt
823277,CHS INC,10-K,2008-11-21,edgar/data/823277/0000950137-08-013893.txt
823277,CHS INC,10-K,2009-11-10,edgar/data/823277/0000950123-09-060736.txt
823277,CHS INC,10-K,2010-11-12,edgar/data/823277/0000950123-10-104712.txt
823277,CHS INC,10-K,2011-11-14,edgar/data/823277/0000950123-11-097699.txt
823277,CHS INC,10-K,2012-11-07,edgar/data/823277/0001445305-12-003500.txt
823277,CHS INC,10-K,2013-11-07,edgar/data/823277/0000823277-13-000037.txt
823277,CHS INC,10-K,2014-11-05,edgar/data/823277/0000823277-14-000032.txt
823277,CHS INC,10-K,2015-11-23,edgar/data/823277/0000823277-15-000024.txt
823277,CHS INC,10-K,2016-11-03,edgar/data/823277/0000823277-16-000065.txt
823277,CHS INC,10-K,2017-11-09,edgar/data/823277/0000823277-17-000053.txt
831001,TRAVELERS INC,10-K,1994-03-31,edgar/data/831001/0000950112-94-000839.txt
831001,TRAVELERS INC,10-K,1995-03-31,edgar/data/831001/0000950112-95-000845.txt
831001,TRAVELERS GROUP INC,10-K,1996-03-27,edgar/data/831001/0000950112-96-000929.txt
831001,CITIGROUP INC,10-K,2003-03-03,edgar/data/831001/0001047469-03-007460.txt
831001,CITIGROUP INC,10-K,2004-03-01,edgar/data/831001/0001047469-04-006087.txt
831001,CITIGROUP INC,10-K,2005-02-28,edgar/data/831001/0001047469-05-004988.txt
831001,CITIGROUP INC,10-K,2006-02-24,edgar/data/831001/0001047469-06-002377.txt
831001,CITIGROUP INC,10-K,2007-02-23,edgar/data/831001/0001193125-07-038505.txt
831001,CITIGROUP INC,10-K,2008-02-22,edgar/data/831001/0001193125-08-036445.txt
831001,CITIGROUP INC,10-K,2009-02-27,edgar/data/831001/0001193125-09-041237.txt
831001,CITIGROUP INC,10-K,2010-02-26,edgar/data/831001/0001206774-10-000406.txt
831001,CITIGROUP INC,10-K,2011-02-25,edgar/data/831001/0001206774-11-000316.txt
831001,CITIGROUP INC,10-K,2012-02-24,edgar/data/831001/0001206774-12-000799.txt
831001,CITIGROUP INC,10-K,2013-03-01,edgar/data/831001/0001206774-13-000852.txt
831001,CITIGROUP INC,10-K,2014-03-03,edgar/data/831001/0001104659-14-015152.txt
831001,CITIGROUP INC,10-K,2015-02-25,edgar/data/831001/0000831001-15-000043.txt
831001,CITIGROUP INC,10-K,2016-02-26,edgar/data/831001/0000831001-16-000235.txt
831001,CITIGROUP INC,10-K,2017-02-24,edgar/data/831001/0000831001-17-000038.txt
886982,GOLDMAN SACHS GROUP INC,10-K,2000-02-14,edgar/data/886982/0000950123-00-001143.txt
886982,GOLDMAN SACHS GROUP INC/,10-K,2003-02-27,edgar/data/886982/0000950123-03-002099.txt
886982,GOLDMAN SACHS GROUP INC/,10-K,2004-02-24,edgar/data/886982/0000950123-04-002239.txt
886982,GOLDMAN SACHS GROUP INC/,10-K,2005-02-08,edgar/data/886982/0000950123-05-001271.txt
886982,GOLDMAN SACHS GROUP INC/,10-K,2006-02-07,edgar/data/886982/0000950123-06-001208.txt
886982,GOLDMAN SACHS GROUP INC/,10-K,2007-02-06,edgar/data/886982/0000950123-07-001332.txt
886982,GOLDMAN SACHS GROUP INC/,10-K,2008-01-29,edgar/data/886982/0000950123-08-000857.txt
886982,GOLDMAN SACHS GROUP INC,10-K,2009-01-27,edgar/data/886982/0000950123-09-001278.txt
886982,GOLDMAN SACHS GROUP INC,10-K,2010-03-01,edgar/data/886982/0000950123-10-018464.txt
886982,GOLDMAN SACHS GROUP INC,10-K,2011-03-01,edgar/data/886982/0000950123-11-020067.txt
886982,GOLDMAN SACHS GROUP INC,10-K,2012-02-28,edgar/data/886982/0001193125-12-085822.txt
886982,GOLDMAN SACHS GROUP INC,10-K,2013-03-01,edgar/data/886982/0001193125-13-085474.txt
886982,GOLDMAN SACHS GROUP INC,10-K,2014-02-28,edgar/data/886982/0001193125-14-073792.txt
886982,GOLDMAN SACHS GROUP INC,10-K,2015-02-23,edgar/data/886982/0001193125-15-056785.txt
886982,GOLDMAN SACHS GROUP INC,10-K,2016-02-22,edgar/data/886982/0001193125-16-470289.txt
886982,GOLDMAN SACHS GROUP INC,10-K,2017-02-27,edgar/data/886982/0001193125-17-056804.txt
895421,MORGAN STANLEY DEAN WITTER DISCOVER & CO,10-K,1998-02-20,edgar/data/895421/0000950130-98-000803.txt
895421,MORGAN STANLEY DEAN WITTER & CO,10-K,2001-02-16,edgar/data/895421/0000950130-01-500161.txt
895421,MORGAN STANLEY,10-K,2003-02-19,edgar/data/895421/0000950130-03-001275.txt
895421,MORGAN STANLEY,10-K,2004-02-25,edgar/data/895421/0001193125-04-029127.txt
895421,MORGAN STANLEY,10-K,2005-02-11,edgar/data/895421/0001193125-05-025463.txt
895421,MORGAN STANLEY,10-K,2006-02-13,edgar/data/895421/0001193125-06-028736.txt
895421,MORGAN STANLEY,10-K,2007-02-13,edgar/data/895421/0001193125-07-027693.txt
895421,MORGAN STANLEY,10-K,2008-01-29,edgar/data/895421/0001193125-08-013719.txt
895421,MORGAN STANLEY,10-K,2009-01-29,edgar/data/895421/0001193125-09-013429.txt
895421,MORGAN STANLEY,10-K,2010-02-26,edgar/data/895421/0001193125-10-042763.txt
895421,MORGAN STANLEY,10-K,2011-02-28,edgar/data/895421/0001193125-11-050049.txt
895421,MORGAN STANLEY,10-K,2012-02-27,edgar/data/895421/0001193125-12-081807.txt
895421,MORGAN STANLEY,10-K,2013-02-26,edgar/data/895421/0001193125-13-077191.txt
895421,MORGAN STANLEY,10-K,2014-02-25,edgar/data/895421/0001193125-14-067354.txt
895421,MORGAN STANLEY,10-K,2015-03-02,edgar/data/895421/0001193125-15-071980.txt
895421,MORGAN STANLEY,10-K,2016-02-23,edgar/data/895421/0001193125-16-473553.txt
895421,MORGAN STANLEY,10-K,2017-02-27,edgar/data/895421/0001193125-17-059212.txt
913760,INTERNATIONAL ASSETS HOLDING CORP,10-K,2007-12-12,edgar/data/913760/0001193125-07-264024.txt
913760,INTERNATIONAL ASSETS HOLDING CORP,10-K,2008-12-08,edgar/data/913760/0001193125-08-249705.txt
913760,INTERNATIONAL ASSETS HOLDING CORP,10-K,2009-12-15,edgar/data/913760/0001193125-09-252591.txt
913760,INTERNATIONAL ASSETS HOLDING CORP,10-K,2010-12-15,edgar/data/913760/0001193125-10-281256.txt
913760,INTL FCSTONE INC.,10-K,2011-12-14,edgar/data/913760/0000913760-11-000012.txt
913760,INTL FCSTONE INC.,10-K,2012-12-12,edgar/data/913760/0000913760-12-000116.txt
913760,INTL FCSTONE INC.,10-K,2014-01-15,edgar/data/913760/0000913760-14-000006.txt
913760,INTL FCSTONE INC.,10-K,2014-12-10,edgar/data/913760/0000913760-14-000155.txt
913760,INTL FCSTONE INC.,10-K,2015-12-09,edgar/data/913760/0000913760-15-000180.txt
913760,INTL FCSTONE INC.,10-K,2016-12-14,edgar/data/913760/0000913760-16-000359.txt
927971,BANK OF MONTREAL /CAN/,10-K,2015-01-29,edgar/data/927971/0001193125-15-025727.txt
1015780,E TRADE GROUP INC,10-K,1996-12-24,edgar/data/1015780/0001015780-96-000004.txt
1015780,E TRADE GROUP INC,10-K,1997-12-23,edgar/data/1015780/0001012870-97-002529.txt
1015780,E TRADE GROUP INC,10-K,1998-12-29,edgar/data/1015780/0001012870-98-003267.txt
1015780,E TRADE GROUP INC,10-K,1999-10-22,edgar/data/1015780/0001012870-99-003816.txt
1015780,E TRADE GROUP INC,10-K,2000-11-09,edgar/data/1015780/0001092388-00-500170.txt
1015780,E TRADE GROUP INC,10-K,2002-04-01,edgar/data/1015780/0001012870-02-001580.txt
1015780,E TRADE GROUP INC,10-K,2003-03-27,edgar/data/1015780/0001012870-03-001396.txt
1015780,E TRADE FINANCIAL CORP,10-K,2004-03-11,edgar/data/1015780/0001193125-04-038392.txt
1015780,E TRADE FINANCIAL CORP,10-K,2005-03-10,edgar/data/1015780/0001193125-05-046680.txt
1015780,E TRADE FINANCIAL CORP,10-K,2006-03-03,edgar/data/1015780/0001193125-06-045154.txt
1015780,E TRADE FINANCIAL CORP,10-K,2007-03-01,edgar/data/1015780/0001193125-07-043983.txt
1015780,E TRADE FINANCIAL CORP,10-K,2008-02-28,edgar/data/1015780/0001193125-08-041906.txt
1015780,E TRADE FINANCIAL CORP,10-K,2009-02-26,edgar/data/1015780/0001193125-09-039144.txt
1015780,E TRADE FINANCIAL CORP,10-K,2010-02-24,edgar/data/1015780/0001193125-10-038928.txt
1015780,E TRADE FINANCIAL CORP,10-K,2011-02-22,edgar/data/1015780/0001193125-11-042158.txt
1015780,E TRADE FINANCIAL Corp,10-K,2012-02-23,edgar/data/1015780/0001193125-12-075584.txt
1015780,E TRADE FINANCIAL Corp,10-K,2013-02-26,edgar/data/1015780/0001193125-13-077166.txt
1015780,E TRADE FINANCIAL Corp,10-K,2014-02-25,edgar/data/1015780/0001193125-14-067515.txt
1015780,E TRADE FINANCIAL Corp,10-K,2015-02-24,edgar/data/1015780/0001015780-15-000026.txt
1015780,E TRADE FINANCIAL Corp,10-K,2016-02-24,edgar/data/1015780/0001015780-16-000121.txt
1015780,E TRADE FINANCIAL CORP,10-K,2017-02-22,edgar/data/1015780/0001015780-17-000030.txt
1084580,JEFFERIES GROUP INC /DE/,10-K,2001-03-30,edgar/data/1084580/0000950148-01-000473.txt
1084580,JEFFERIES GROUP INC /DE/,10-K,2002-02-27,edgar/data/1084580/0000950148-02-000462.txt
1084580,JEFFERIES GROUP INC /DE/,10-K,2003-03-28,edgar/data/1084580/0000950148-03-000639.txt
1084580,JEFFERIES GROUP INC /DE/,10-K,2004-03-02,edgar/data/1084580/0000950123-04-002644.txt
1084580,JEFFERIES GROUP INC /DE/,10-K,2005-03-31,edgar/data/1084580/0000950129-05-003057.txt
1084580,JEFFERIES GROUP INC /DE/,10-K,2006-03-01,edgar/data/1084580/0000950129-06-002120.txt
1084580,JEFFERIES GROUP INC /DE/,10-K,2007-03-01,edgar/data/1084580/0000950124-07-001228.txt
1084580,JEFFERIES GROUP INC /DE/,10-K,2008-02-29,edgar/data/1084580/0000950124-08-000973.txt
1084580,JEFFERIES GROUP INC /DE/,10-K,2009-02-27,edgar/data/1084580/0000950134-09-003984.txt
1084580,JEFFERIES GROUP INC /DE/,10-K,2010-02-26,edgar/data/1084580/0000950123-10-017822.txt
1084580,JEFFERIES GROUP INC /DE/,10-K,2012-01-27,edgar/data/1084580/0000950123-12-001635.txt
1084580,JEFFERIES GROUP INC /DE/,10-K,2013-01-29,edgar/data/1084580/0001193125-13-027253.txt
1084580,Jefferies Group LLC,10-K,2014-01-28,edgar/data/1084580/0001193125-14-023228.txt
1084580,Jefferies Group LLC,10-K,2015-01-29,edgar/data/1084580/0001193125-15-025201.txt
1084580,Jefferies Group LLC,10-K,2016-01-29,edgar/data/1084580/0001084580-16-000017.txt
1084580,Jefferies Group LLC,10-K,2017-01-27,edgar/data/1084580/0001084580-17-000004.txt
1094831,ESPEED INC,10-K,2000-03-29,edgar/data/1094831/0000889812-00-001393.txt
1094831,ESPEED INC,10-K,2001-03-06,edgar/data/1094831/0001125282-01-000852.txt
1094831,ESPEED INC,10-K,2002-04-01,edgar/data/1094831/0000950136-02-000955.txt
1094831,ESPEED INC,10-K,2003-03-31,edgar/data/1094831/0000950136-03-000748.txt
1094831,ESPEED INC,10-K,2004-03-15,edgar/data/1094831/0000950136-04-000735.txt
1094831,ESPEED INC,10-K,2005-03-16,edgar/data/1094831/0000950136-05-001387.txt
1094831,ESPEED INC,10-K,2006-03-15,edgar/data/1094831/0000950136-06-001974.txt
1094831,ESPEED INC,10-K,2007-03-15,edgar/data/1094831/0001193125-07-055807.txt
1094831,ESPEED INC,10-K,2008-03-17,edgar/data/1094831/0001193125-08-058044.txt
1094831,"BGC Partners, Inc.",10-K,2009-03-16,edgar/data/1094831/0001193125-09-055548.txt
1094831,"BGC Partners, Inc.",10-K,2010-03-16,edgar/data/1094831/0001193125-10-058581.txt
1094831,"BGC Partners, Inc.",10-K,2011-03-16,edgar/data/1094831/0001193125-11-068739.txt
1094831,"BGC Partners, Inc.",10-K,2012-03-15,edgar/data/1094831/0001193125-12-115541.txt
1094831,"BGC Partners, Inc.",10-K,2013-03-12,edgar/data/1094831/0001193125-13-101758.txt
1094831,"BGC Partners, Inc.",10-K,2014-02-28,edgar/data/1094831/0001193125-14-077345.txt
1094831,"BGC Partners, Inc.",10-K,2015-03-02,edgar/data/1094831/0001193125-15-073360.txt
1094831,"BGC Partners, Inc.",10-K,2016-02-29,edgar/data/1094831/0001193125-16-484938.txt
1094831,"BGC Partners, Inc.",10-K,2017-02-28,edgar/data/1094831/0001193125-17-062683.txt
1111559,TRADESTATION GROUP INC,10-K,2002-03-14,edgar/data/1111559/0000950144-02-002285.txt
1111559,TRADESTATION GROUP INC,10-K,2003-03-21,edgar/data/1111559/0000950144-03-003514.txt
1111559,TRADESTATION GROUP INC,10-K,2004-03-12,edgar/data/1111559/0000950144-04-002401.txt
1111559,TRADESTATION GROUP INC,10-K,2005-03-08,edgar/data/1111559/0001193125-05-044633.txt
1111559,TRADESTATION GROUP INC,10-K,2006-03-13,edgar/data/1111559/0001193125-06-051883.txt
1111559,TRADESTATION GROUP INC,10-K,2007-03-09,edgar/data/1111559/0001193125-07-050815.txt
1111559,TRADESTATION GROUP INC,10-K,2008-03-14,edgar/data/1111559/0001193125-08-055758.txt
1111559,TRADESTATION GROUP INC,10-K,2009-03-12,edgar/data/1111559/0001193125-09-051679.txt
1111559,TRADESTATION GROUP INC,10-K,2010-03-12,edgar/data/1111559/0001193125-10-054888.txt
1111559,TRADESTATION GROUP INC,10-K,2011-03-11,edgar/data/1111559/0001193125-11-063805.txt
1173431,AMERITRADE HOLDING CORP,10-K,2002-12-13,edgar/data/1173431/0000950137-02-006666.txt
1173431,AMERITRADE HOLDING CORP,10-K,2003-11-07,edgar/data/1173431/0000950137-03-005735.txt
1173431,AMERITRADE HOLDING CORP,10-K,2004-12-09,edgar/data/1173431/0000950137-04-010921.txt
1173431,AMERITRADE HOLDING CORP,10-K,2005-12-14,edgar/data/1173431/0000950137-05-014942.txt
1173431,TD AMERITRADE HOLDING CORP,10-K,2006-12-07,edgar/data/1173431/0000950137-06-013345.txt
1173431,TD AMERITRADE HOLDING CORP,10-K,2007-11-26,edgar/data/1173431/0000950137-07-017708.txt
1173431,TD AMERITRADE HOLDING CORP,10-K,2008-11-26,edgar/data/1173431/0000950137-08-014119.txt
1173431,TD AMERITRADE HOLDING CORP,10-K,2009-11-13,edgar/data/1173431/0000950123-09-062389.txt
1173431,TD AMERITRADE HOLDING CORP,10-K,2010-11-19,edgar/data/1173431/0000950123-10-107471.txt
1173431,TD AMERITRADE HOLDING CORP,10-K,2011-11-18,edgar/data/1173431/0000950123-11-099534.txt
1173431,TD AMERITRADE HOLDING CORP,10-K,2012-11-26,edgar/data/1173431/0001193125-12-480655.txt
1173431,TD AMERITRADE HOLDING CORP,10-K,2013-11-22,edgar/data/1173431/0001193125-13-451360.txt
1173431,TD AMERITRADE HOLDING CORP,10-K,2014-11-21,edgar/data/1173431/0001173431-14-000115.txt
1173431,TD AMERITRADE HOLDING CORP,10-K,2015-11-20,edgar/data/1173431/0001173431-15-000169.txt
1173431,TD AMERITRADE HOLDING CORP,10-K,2016-11-18,edgar/data/1173431/0001173431-16-000429.txt
1173431,TD AMERITRADE HOLDING CORP,10-K,2017-11-17,edgar/data/1173431/0001173431-17-000150.txt
1381197,"Interactive Brokers Group, Inc.",10-K,2008-03-27,edgar/data/1381197/0001104659-08-020387.txt
1381197,"Interactive Brokers Group, Inc.",10-K,2009-03-02,edgar/data/1381197/0001381197-09-000003.txt
1381197,"Interactive Brokers Group, Inc.",10-K,2010-02-26,edgar/data/1381197/0001047469-10-001544.txt
1381197,"Interactive Brokers Group, Inc.",10-K,2011-02-28,edgar/data/1381197/0001047469-11-001557.txt
1381197,"Interactive Brokers Group, Inc.",10-K,2012-02-29,edgar/data/1381197/0001047469-12-001916.txt
1381197,"Interactive Brokers Group, Inc.",10-K,2013-03-08,edgar/data/1381197/0001047469-13-002439.txt
1381197,"Interactive Brokers Group, Inc.",10-K,2014-03-03,edgar/data/1381197/0001047469-14-001697.txt
1381197,"Interactive Brokers Group, Inc.",10-K,2015-03-02,edgar/data/1381197/0001047469-15-001520.txt
1381197,"Interactive Brokers Group, Inc.",10-K,2016-02-29,edgar/data/1381197/0001047469-16-010549.txt
1381197,"Interactive Brokers Group, Inc.",10-K,2017-02-28,edgar/data/1381197/0001047469-17-001069.txt
1390777,Bank of New York Mellon CORP,10-K,2008-02-28,edgar/data/1390777/0001193125-08-041952.txt
1390777,Bank of New York Mellon CORP,10-K,2009-02-27,edgar/data/1390777/0001193125-09-041050.txt
1390777,Bank of New York Mellon CORP,10-K,2010-02-26,edgar/data/1390777/0001193125-10-042948.txt
1390777,Bank of New York Mellon CORP,10-K,2011-02-28,edgar/data/1390777/0001193125-11-049932.txt
1390777,Bank of New York Mellon CORP,10-K,2012-02-28,edgar/data/1390777/0001193125-12-085349.txt
1390777,Bank of New York Mellon CORP,10-K,2013-02-28,edgar/data/1390777/0001193125-13-084562.txt
1390777,Bank of New York Mellon Corp,10-K,2014-02-28,edgar/data/1390777/0001445305-14-000745.txt
1390777,Bank of New York Mellon Corp,10-K,2015-02-27,edgar/data/1390777/0001628280-15-001194.txt
1390777,Bank of New York Mellon Corp,10-K,2016-02-26,edgar/data/1390777/0001390777-16-000204.txt
1390777,Bank of New York Mellon Corp,10-K,2017-02-28,edgar/data/1390777/0001390777-17-000065.txt
1401106,MF Global Ltd.,10-K,2008-06-13,edgar/data/1401106/0001193125-08-133184.txt
1401106,MF Global Ltd.,10-K,2009-06-10,edgar/data/1401106/0001193125-09-128806.txt
1401106,MF Global Holdings Ltd.,10-K,2010-05-28,edgar/data/1401106/0000950130-10-000142.txt
1401106,MF Global Holdings Ltd.,10-K,2011-05-20,edgar/data/1401106/0001193125-11-145663.txt
1444363,"GAIN Capital Holdings, Inc.",10-K,2011-03-30,edgar/data/1444363/0001193125-11-082584.txt
1444363,"GAIN Capital Holdings, Inc.",10-K,2012-03-15,edgar/data/1444363/0001193125-12-117644.txt
1444363,"GAIN Capital Holdings, Inc.",10-K,2013-03-18,edgar/data/1444363/0001193125-13-112866.txt
1444363,"GAIN Capital Holdings, Inc.",10-K,2014-03-17,edgar/data/1444363/0001444363-14-000048.txt
1444363,"GAIN Capital Holdings, Inc.",10-K,2015-03-16,edgar/data/1444363/0001444363-15-000054.txt
1444363,"GAIN Capital Holdings, Inc.",10-K,2016-03-17,edgar/data/1444363/0001444363-16-000191.txt
1444363,"GAIN Capital Holdings, Inc.",10-K,2017-03-15,edgar/data/1444363/0001444363-17-000016.txt
1499912,FXCM Inc.,10-K,2011-03-31,edgar/data/1499912/0001144204-11-019230.txt
1499912,FXCM Inc.,10-K,2012-03-15,edgar/data/1499912/0001144204-12-015385.txt
1499912,FXCM Inc.,10-K,2013-03-18,edgar/data/1499912/0001144204-13-015532.txt
1499912,FXCM Inc.,10-K,2014-03-17,edgar/data/1499912/0001445305-14-001063.txt
1499912,FXCM Inc.,10-K,2015-03-16,edgar/data/1499912/0001499912-15-000004.txt
1499912,FXCM Inc.,10-K,2016-03-11,edgar/data/1499912/0001499912-16-000015.txt
1499912,"Global Brokerage, Inc.",10-K,2017-03-20,edgar/data/1499912/0001499912-17-000004.txt
